,ADHD,Medication,Response Accuracy,Commission Error,Omission Error,Mean Delay,Average Vector Size,Session Type,Filename,Name
0,0,0,10,2,1,1.6,545.0935631893722,0,0_3,Or Shalom
1,0,0,7,3,3,1.1428571428571428,530.3904732797745,1,0_3,Or Shalom
2,0,0,8,1,2,1.375,545.0222897715072,0,0_4,Shahar Shoshan
3,0,0,7,3,3,1.2857142857142858,522.5111368044568,1,0_4,Shahar Shoshan
4,1,0,6,5,4,1.8333333333333333,519.1405752274962,0,1_8,Omer Sasson
5,1,0,4,6,6,2.75,523.7274013976172,1,1_8,Omer Sasson
6,1,0,6,5,4,2.5,545.1816320928548,0,1_9,Shimon Alkobi
7,1,0,3,7,7,3.3333333333333335,523.7870569779249,1,1_9,Shimon Alkobi
